{"cameraMode":{"drawMode":0,"name":"Shaded","section":"Shading Mode"},"sceneLighting":true,"audioPlay":false,"sceneViewState":{"showFog":true,"showMaterialUpdate":false,"showSkybox":true,"showFlares":true,"showImageEffects":true,"showParticleSystems":true},"in2DMode":false,"pivot":{"x":17.627878189086915,"y":6.475113868713379,"z":-7.304934501647949},"rotation":{"x":-0.1363968551158905,"y":-0.2029406726360321,"z":0.028559450060129167,"w":-0.9692241549491882},"size":10.0,"orthographic":false}