{"cameraMode":{"drawMode":0,"name":"Shaded","section":"Shading Mode"},"sceneLighting":true,"audioPlay":false,"sceneViewState":{"showFog":true,"showMaterialUpdate":false,"showSkybox":true,"showFlares":true,"showImageEffects":true,"showParticleSystems":true},"in2DMode":false,"pivot":{"x":-1.4874398708343506,"y":8.794183731079102,"z":-3.0475618839263918},"rotation":{"x":0.197822704911232,"y":0.022638468071818353,"z":0.004570037592202425,"w":-0.9799657464027405},"size":10.0,"orthographic":false}