{"cameraMode":{"drawMode":0,"name":"Shaded","section":"Shading Mode"},"sceneLighting":true,"audioPlay":false,"sceneViewState":{"showFog":true,"showMaterialUpdate":true,"showSkybox":true,"showFlares":true,"showImageEffects":true,"showParticleSystems":true},"in2DMode":false,"pivot":{"x":13.605984687805176,"y":9.845608711242676,"z":-15.162755966186524},"rotation":{"x":0.04084411635994911,"y":-0.19889113306999207,"z":-0.008296679705381394,"w":-0.9791349768638611},"size":10.0,"orthographic":false}